ID_Cliente,Nombre,Apellido,Email,Fecha_Resgistro,Región,Full_Name
1,Karisa,Cromett,kcromett0@imageshack.us,19/11/2023,Patagonia,Karisa Cromett
2,Lenette,Seabert,lseabert1@yahoo.co.jp,7/5/2023,Patagonia,Lenette Seabert
3,Buddy,Silverson,bsilverson2@howstuffworks.com,27/3/2023,Patagonia,Buddy Silverson
4,Dan,Parkin,dparkin3@virginia.edu,26/10/2023,Buenos Aires,Dan Parkin
5,Conney,Cassella,ccassella4@who.int,31/3/2023,Centro,Conney Cassella
6,Saunder,Fone,sfone5@tumblr.com,7/6/2023,Buenos Aires,Saunder Fone
7,Sophia,Landon,slandon6@imgur.com,19/3/2023,Cuyo,Sophia Landon
8,Joellen,Grey,jgrey7@buzzfeed.com,13/5/2023,Buenos Aires,Joellen Grey
9,Ephraim,Blackstone,eblackstone8@linkedin.com,2/4/2023,Centro,Ephraim Blackstone
10,Stephenie,Sexty,ssexty9@domainmarket.com,23/11/2023,Buenos Aires,Stephenie Sexty
11,Hilario,Hubble,hhubblea@lycos.com,12/10/2023,Buenos Aires,Hilario Hubble
12,Daisy,Vennart,dvennartb@shutterfly.com,21/8/2023,Patagonia,Daisy Vennart
13,Kameko,Moland,kmolandc@samsung.com,23/10/2023,Centro,Kameko Moland
14,Fedora,Brackenbury,fbrackenburyd@nsw.gov.au,1/5/2023,Buenos Aires,Fedora Brackenbury
15,Locke,Getsham,lgetshame@joomla.org,29/12/2023,Buenos Aires,Locke Getsham
16,Robena,Arkill,rarkillf@usnews.com,19/4/2023,Buenos Aires,Robena Arkill
17,Marianna,Kyle,mkyleg@blogs.com,25/7/2023,Buenos Aires,Marianna Kyle
18,Palm,True,ptrueh@howstuffworks.com,23/12/2023,Centro,Palm True
19,Victoria,Filyukov,vfilyukovi@thetimes.co.uk,13/11/2023,Centro,Victoria Filyukov
20,Benedicto,Selbach,bselbachj@ning.com,22/7/2023,Cuyo,Benedicto Selbach
21,Kleon,Mitrovic,kmitrovick@opera.com,25/5/2023,Buenos Aires,Kleon Mitrovic
22,Laird,Grainger,lgraingerl@4shared.com,26/9/2023,Centro,Laird Grainger
23,Essy,Ruperti,erupertim@theatlantic.com,4/5/2023,Patagonia,Essy Ruperti
24,Juan,Borrowman,jborrowmann@xrea.com,23/7/2023,Cuyo,Juan Borrowman
25,Queenie,Moyer,qmoyero@foxnews.com,18/6/2023,Patagonia,Queenie Moyer
26,Byrom,Soro,bsorop@senate.gov,5/7/2023,Centro,Byrom Soro
27,Bealle,Andreuzzi,bandreuzziq@gov.uk,29/11/2023,Buenos Aires,Bealle Andreuzzi
28,Theodoric,Bunny,tbunnyr@shinystat.com,25/11/2023,NEA,Theodoric Bunny
29,Hugh,Lipsett,hlipsetts@sbwire.com,10/9/2023,NEA,Hugh Lipsett
30,Martainn,Burton,mburtont@jigsy.com,15/6/2023,Buenos Aires,Martainn Burton
31,Marni,Ruthven,mruthvenu@cocolog-nifty.com,28/3/2023,Centro,Marni Ruthven
32,Cristen,Ottee,cotteev@reference.com,27/7/2023,Cuyo,Cristen Ottee
33,Rosemarie,Swadling,rswadlingw@weebly.com,10/8/2023,NEA,Rosemarie Swadling
34,Karolina,Husselbee,khusselbeex@ezinearticles.com,5/12/2023,Cuyo,Karolina Husselbee
35,Matthew,Rudderham,mrudderhamy@mashable.com,23/4/2023,NOA,Matthew Rudderham
36,Lothaire,Bolderson,lboldersonz@gov.uk,31/10/2023,Buenos Aires,Lothaire Bolderson
37,Frederik,Gook,fgook10@newsvine.com,4/11/2023,Cuyo,Frederik Gook
38,Genevra,Perree,gperree11@usgs.gov,19/12/2023,Patagonia,Genevra Perree
39,Filippo,Culkin,fculkin12@people.com.cn,12/10/2023,Patagonia,Filippo Culkin
40,Holli,Cousans,hcousans13@yelp.com,13/4/2023,Cuyo,Holli Cousans
41,Felisha,Jayne,fjayne14@mlb.com,29/7/2023,Patagonia,Felisha Jayne
42,Myer,Wattinham,mwattinham15@oracle.com,23/6/2023,Patagonia,Myer Wattinham
43,Brenda,Buckel,bbuckel16@acquirethisname.com,27/9/2023,Patagonia,Brenda Buckel
44,Cyrill,Runge,crunge17@sfgate.com,17/9/2023,Buenos Aires,Cyrill Runge
45,Doll,Rye,drye18@ezinearticles.com,16/8/2023,Buenos Aires,Doll Rye
46,Slade,Stockle,sstockle19@slate.com,10/8/2023,Centro,Slade Stockle
47,Betteanne,Pratley,bpratley1a@archive.org,28/9/2023,Buenos Aires,Betteanne Pratley
48,Corbie,Von Der Empten,cvonderempten1b@printfriendly.com,18/10/2023,Patagonia,Corbie Von Der Empten
49,Sarita,McAsgill,smcasgill1c@flavors.me,4/12/2023,Buenos Aires,Sarita Mcasgill
50,Nickolaus,Coppins,ncoppins1d@xrea.com,21/9/2023,Buenos Aires,Nickolaus Coppins
51,Maire,Rumble,mrumble1e@blinklist.com,30/10/2023,Cuyo,Maire Rumble
52,Albrecht,McGrirl,amcgrirl1f@163.com,9/10/2023,Patagonia,Albrecht Mcgrirl
53,Fitz,Fuge,ffuge1g@joomla.org,3/8/2023,Centro,Fitz Fuge
54,Byram,Ferenczi,bferenczi1h@studiopress.com,18/8/2023,Buenos Aires,Byram Ferenczi
55,Amory,Highnam,ahighnam1i@cnbc.com,6/5/2023,Patagonia,Amory Highnam
56,Vevay,Wellum,vwellum1j@tumblr.com,27/6/2023,Centro,Vevay Wellum
57,Olenolin,Wakeman,owakeman1k@mapy.cz,15/12/2023,Centro,Olenolin Wakeman
58,Hilarius,Abad,habad1l@wisc.edu,30/9/2023,Buenos Aires,Hilarius Abad
59,Morse,Peters,mpeters1m@sitemeter.com,24/4/2023,Centro,Morse Peters
60,Lisabeth,Murty,lmurty1n@google.it,17/4/2023,NEA,Lisabeth Murty
61,Flore,Astlatt,fastlatt1o@discovery.com,17/11/2023,Buenos Aires,Flore Astlatt
62,Paula,Gittins,pgittins1p@quantcast.com,14/9/2023,NEA,Paula Gittins
63,Yule,Bruin,ybruin1q@senate.gov,30/11/2023,Buenos Aires,Yule Bruin
64,Randolph,Collicott,rcollicott1r@miibeian.gov.cn,18/10/2023,NEA,Randolph Collicott
65,Lillian,Jizhaki,ljizhaki1s@squidoo.com,29/6/2023,Buenos Aires,Lillian Jizhaki
66,Regan,Crocetti,rcrocetti1t@csmonitor.com,24/3/2023,Buenos Aires,Regan Crocetti
67,Avigdor,Gorey,agorey1u@tmall.com,19/12/2023,NEA,Avigdor Gorey
68,Miriam,Domerque,mdomerque1v@blogspot.com,20/7/2023,Patagonia,Miriam Domerque
69,Ham,Rapley,hrapley1w@meetup.com,19/5/2023,Cuyo,Ham Rapley
70,Drugi,Hancill,dhancill1x@senate.gov,19/7/2023,Centro,Drugi Hancill
71,Colly,Blucher,cblucher1y@youtube.com,2/5/2023,Buenos Aires,Colly Blucher
72,Amby,Maltby,amaltby1z@phoca.cz,28/10/2023,Centro,Amby Maltby
73,Akim,Cruz,acruz20@photobucket.com,20/3/2023,Centro,Akim Cruz
74,Huey,Stead,hstead21@vinaora.com,5/5/2023,Patagonia,Huey Stead
75,Roma,Battill,rbattill22@ask.com,26/12/2023,NEA,Roma Battill
76,Marlowe,Bidgod,mbidgod23@nationalgeographic.com,12/7/2023,Centro,Marlowe Bidgod
77,Mickie,Dellar,mdellar24@meetup.com,29/10/2023,Buenos Aires,Mickie Dellar
78,Gabbi,Harnell,gharnell25@tiny.cc,25/9/2023,Buenos Aires,Gabbi Harnell
79,Valentin,Coard,vcoard26@mayoclinic.com,11/7/2023,Patagonia,Valentin Coard
80,Aubry,Stille,astille27@bing.com,19/12/2023,NEA,Aubry Stille
81,Cthrine,Waltho,cwaltho28@sfgate.com,8/5/2023,Buenos Aires,Cthrine Waltho
82,Adham,Leebeter,aleebeter29@dedecms.com,6/11/2023,Buenos Aires,Adham Leebeter
83,Nelia,MacGow,nmacgow2a@ibm.com,14/9/2023,Buenos Aires,Nelia Macgow
84,Stefan,Peddel,speddel2b@biblegateway.com,16/11/2023,Buenos Aires,Stefan Peddel
85,Curran,Macari,cmacari2c@arizona.edu,2/4/2023,Cuyo,Curran Macari
86,Anjela,Villaron,avillaron2d@eventbrite.com,4/4/2023,Patagonia,Anjela Villaron
87,Aeriel,Garahan,agarahan2e@sfgate.com,22/8/2023,Patagonia,Aeriel Garahan
88,Joan,Broxis,jbroxis2f@t.co,6/12/2023,Patagonia,Joan Broxis
89,Tawsha,Olle,tolle2g@bizjournals.com,3/4/2023,Patagonia,Tawsha Olle
90,Pinchas,Stollsteiner,pstollsteiner2h@hostgator.com,9/8/2023,Buenos Aires,Pinchas Stollsteiner
91,Haley,Fain,hfain2i@illinois.edu,16/5/2023,Buenos Aires,Haley Fain
92,Vivianna,Foulcher,vfoulcher2j@pen.io,5/10/2023,Patagonia,Vivianna Foulcher
93,Gay,Allans,gallans2k@simplemachines.org,2/6/2023,Buenos Aires,Gay Allans
94,Cy,Doreward,cdoreward2l@so-net.ne.jp,28/9/2023,Centro,Cy Doreward
95,Anne-marie,Kildahl,akildahl2m@csmonitor.com,26/5/2023,Buenos Aires,Anne-Marie Kildahl
96,Anallise,Iacopini,aiacopini2n@ihg.com,8/8/2023,Buenos Aires,Anallise Iacopini
97,Judah,Dan,jdan2o@pagesperso-orange.fr,4/4/2023,Buenos Aires,Judah Dan
98,Lin,Godard,lgodard2p@ihg.com,20/11/2023,Centro,Lin Godard
99,Georgia,McAlpine,gmcalpine2q@de.vu,9/8/2023,Buenos Aires,Georgia Mcalpine
100,Orv,Hun,ohun2r@goo.gl,24/7/2023,NEA,Orv Hun
101,Vannie,Kennermann,vkennermann2s@blogtalkradio.com,22/10/2023,Buenos Aires,Vannie Kennermann
102,Seana,Radbone,sradbone2t@clickbank.net,14/5/2023,Patagonia,Seana Radbone
103,Adina,Cleugh,acleugh2u@springer.com,16/9/2023,Patagonia,Adina Cleugh
104,Serena,Wison,swison2v@upenn.edu,10/5/2023,Buenos Aires,Serena Wison
105,Yelena,Gaytor,ygaytor2w@tinyurl.com,4/6/2023,Buenos Aires,Yelena Gaytor
106,Benedikta,Condon,bcondon2x@paypal.com,23/6/2023,NEA,Benedikta Condon
107,Gretna,Kirwin,gkirwin2y@bloglines.com,11/7/2023,Patagonia,Gretna Kirwin
108,Riley,Obey,robey2z@ucsd.edu,4/6/2023,Patagonia,Riley Obey
109,Andie,Arundale,aarundale30@mapquest.com,28/8/2023,Cuyo,Andie Arundale
110,Joeann,Muirden,jmuirden31@ameblo.jp,14/6/2023,NEA,Joeann Muirden
111,Ave,Purchon,apurchon32@cbc.ca,21/3/2023,Cuyo,Ave Purchon
112,Ellie,Lockey,elockey33@mozilla.org,19/12/2023,NEA,Ellie Lockey
113,Phip,Altree,paltree34@indiatimes.com,28/7/2023,Buenos Aires,Phip Altree
114,Fabien,Roskam,froskam35@desdev.cn,11/4/2023,Centro,Fabien Roskam
115,Reyna,Pontefract,rpontefract36@yellowbook.com,14/11/2023,Cuyo,Reyna Pontefract
116,Hedda,Garbott,hgarbott37@noaa.gov,14/7/2023,Buenos Aires,Hedda Garbott
117,Ginnie,Saben,gsaben38@shop-pro.jp,23/10/2023,NOA,Ginnie Saben
118,Dallon,Hedworth,dhedworth39@samsung.com,30/7/2023,Centro,Dallon Hedworth
119,Chase,Rayner,crayner3a@netvibes.com,24/11/2023,Patagonia,Chase Rayner
120,Baxter,Ritmeier,britmeier3b@alibaba.com,15/9/2023,Buenos Aires,Baxter Ritmeier
121,Mead,Brandin,mbrandin3c@purevolume.com,18/9/2023,Cuyo,Mead Brandin
122,Kerr,Whitesel,kwhitesel3d@indiatimes.com,28/5/2023,Centro,Kerr Whitesel
123,Reggie,Thorwarth,rthorwarth3e@blog.com,24/10/2023,Patagonia,Reggie Thorwarth
124,Rustie,Astlet,rastlet3f@globo.com,3/9/2023,NEA,Rustie Astlet
125,Minette,Alchin,malchin3g@census.gov,19/11/2023,Patagonia,Minette Alchin
126,Glory,Hedling,ghedling3h@dagondesign.com,20/7/2023,Cuyo,Glory Hedling
127,Jarrod,Askham,jaskham3i@lulu.com,13/10/2023,Buenos Aires,Jarrod Askham
128,Becka,Grinval,bgrinval3j@vkontakte.ru,2/12/2023,Buenos Aires,Becka Grinval
129,Colby,Kalderon,ckalderon3k@earthlink.net,19/3/2023,Patagonia,Colby Kalderon
130,Lori,Oram,loram3l@narod.ru,8/9/2023,Buenos Aires,Lori Oram
131,Corby,Lothlorien,clothlorien3m@nhs.uk,8/7/2023,Buenos Aires,Corby Lothlorien
132,Cassie,Corish,ccorish3n@virginia.edu,14/12/2023,Buenos Aires,Cassie Corish
133,Peggi,Sainsbury-Brown,psainsburybrown3o@amazon.co.uk,16/7/2023,Buenos Aires,Peggi Sainsbury-Brown
134,Zora,Halvosen,zhalvosen3p@acquirethisname.com,3/8/2023,Cuyo,Zora Halvosen
135,Burgess,Hawken,bhawken3q@patch.com,15/11/2023,Cuyo,Burgess Hawken
136,Silvana,Jellard,sjellard3r@blogspot.com,31/3/2023,Patagonia,Silvana Jellard
137,Danica,McKerron,dmckerron3s@illinois.edu,1/10/2023,Patagonia,Danica Mckerron
138,Osborn,Pogue,opogue3t@51.la,9/4/2023,Buenos Aires,Osborn Pogue
139,Pamella,Asker,pasker3u@chron.com,9/5/2023,Buenos Aires,Pamella Asker
140,Estrella,Hoggins,ehoggins3v@homestead.com,10/10/2023,NEA,Estrella Hoggins
141,Adena,Skirvane,askirvane3w@shareasale.com,22/3/2023,NEA,Adena Skirvane
142,Lisette,Salle,lsalle3x@geocities.com,8/5/2023,Cuyo,Lisette Salle
143,Gabriell,Ralton,gralton3y@wsj.com,14/11/2023,Buenos Aires,Gabriell Ralton
144,Maribeth,Hearon,mhearon3z@who.int,16/6/2023,NEA,Maribeth Hearon
145,Eugenius,Bowness,ebowness40@imgur.com,8/4/2023,Buenos Aires,Eugenius Bowness
146,Shea,Castanaga,scastanaga41@geocities.jp,4/11/2023,Cuyo,Shea Castanaga
147,Temp,Gerlts,tgerlts42@mtv.com,14/11/2023,Cuyo,Temp Gerlts
148,Nadeen,Du Pre,ndupre43@goo.gl,19/3/2023,Centro,Nadeen Du Pre
149,Joell,Abbey,jabbey44@ucoz.com,16/11/2023,Cuyo,Joell Abbey
150,Eben,Riche,eriche45@icq.com,3/6/2023,Buenos Aires,Eben Riche
151,Lance,Dungey,ldungey46@comcast.net,25/8/2023,Buenos Aires,Lance Dungey
152,Lora,Mantione,lmantione47@wikispaces.com,27/8/2023,NOA,Lora Mantione
153,Merola,Sketcher,msketcher48@dropbox.com,29/9/2023,Cuyo,Merola Sketcher
154,Abagail,Wetherby,awetherby49@free.fr,4/10/2023,Patagonia,Abagail Wetherby
155,Sadie,Linwood,slinwood4a@miibeian.gov.cn,18/12/2023,Cuyo,Sadie Linwood
156,Giulia,Rudinger,grudinger4b@alibaba.com,26/10/2023,Patagonia,Giulia Rudinger
157,Lammond,McCaskill,lmccaskill4c@sciencedirect.com,22/5/2023,Patagonia,Lammond Mccaskill
158,Art,Van der Velde,avandervelde4d@infoseek.co.jp,2/5/2023,Buenos Aires,Art Van Der Velde
159,Cyril,Pischel,cpischel4e@comsenz.com,11/4/2023,NEA,Cyril Pischel
160,Tedmund,Etheridge,tetheridge4f@flavors.me,6/12/2023,Centro,Tedmund Etheridge
161,Effie,Schrinel,eschrinel4g@elegantthemes.com,10/11/2023,Patagonia,Effie Schrinel
162,Libbie,Faircliffe,lfaircliffe4h@addtoany.com,23/10/2023,Patagonia,Libbie Faircliffe
163,Bryanty,Smurfitt,bsmurfitt4i@bing.com,1/7/2023,Buenos Aires,Bryanty Smurfitt
164,Tybie,Kemster,tkemster4j@sfgate.com,11/12/2023,Centro,Tybie Kemster
165,Tricia,Gimert,tgimert4k@deviantart.com,21/5/2023,Buenos Aires,Tricia Gimert
166,Minta,Sickling,msickling4l@prlog.org,27/8/2023,NEA,Minta Sickling
167,Audi,Kretchmer,akretchmer4m@mit.edu,25/10/2023,Buenos Aires,Audi Kretchmer
168,Josephina,Humbee,jhumbee4n@cornell.edu,26/7/2023,Centro,Josephina Humbee
169,Carlyle,McWhirter,cmcwhirter4o@cyberchimps.com,19/3/2023,Centro,Carlyle Mcwhirter
170,Cchaddie,Dametti,cdametti4p@posterous.com,24/9/2023,Centro,Cchaddie Dametti
171,Vladimir,Orrill,vorrill4q@youku.com,3/4/2023,Cuyo,Vladimir Orrill
172,Eulalie,Vedeshkin,evedeshkin4r@nytimes.com,19/3/2023,Buenos Aires,Eulalie Vedeshkin
173,Alisander,Raecroft,araecroft4s@mediafire.com,7/5/2023,Patagonia,Alisander Raecroft
174,Darda,Tarr,dtarr4t@ca.gov,31/8/2023,Patagonia,Darda Tarr
175,Caron,Raddon,craddon4u@seattletimes.com,14/9/2023,Buenos Aires,Caron Raddon
176,Asa,Lamplugh,alamplugh4v@noaa.gov,24/9/2023,NEA,Asa Lamplugh
177,Irvin,Normanville,inormanville4w@amazon.co.uk,25/8/2023,NEA,Irvin Normanville
178,Val,Damarell,vdamarell4x@google.nl,17/9/2023,Patagonia,Val Damarell
179,Constantina,Grimm,cgrimm4y@cbsnews.com,25/7/2023,Buenos Aires,Constantina Grimm
180,Audra,Bleakley,ableakley4z@oakley.com,3/5/2023,Buenos Aires,Audra Bleakley
181,Isaak,Seyers,iseyers50@arizona.edu,16/8/2023,Patagonia,Isaak Seyers
182,Bel,Geeritz,bgeeritz51@noaa.gov,1/9/2023,Centro,Bel Geeritz
183,Bren,Szreter,bszreter52@youtube.com,25/5/2023,Patagonia,Bren Szreter
184,Winne,Coaker,wcoaker53@seattletimes.com,23/11/2023,Buenos Aires,Winne Coaker
185,Jody,Ianelli,jianelli54@networkadvertising.org,1/8/2023,Centro,Jody Ianelli
186,Gabie,Pawel,gpawel55@mit.edu,5/12/2023,Patagonia,Gabie Pawel
187,Gay,Elvin,gelvin56@exblog.jp,27/11/2023,Buenos Aires,Gay Elvin
188,Libbey,Carefull,lcarefull57@google.ca,9/4/2023,Cuyo,Libbey Carefull
189,Say,Stanistreet,sstanistreet58@google.de,18/7/2023,Patagonia,Say Stanistreet
190,Derwin,Fuzzard,dfuzzard59@mashable.com,21/3/2023,NEA,Derwin Fuzzard
191,Dominik,Alejandro,dalejandro5a@google.co.uk,14/12/2023,Centro,Dominik Alejandro
192,Dyan,Marquis,dmarquis5b@vk.com,21/3/2023,Cuyo,Dyan Marquis
193,Harlan,Andrzej,handrzej5c@over-blog.com,16/11/2023,Buenos Aires,Harlan Andrzej
194,Kendra,Emor,kemor5d@wp.com,20/10/2023,Buenos Aires,Kendra Emor
195,Keene,Cayley,kcayley5e@opensource.org,18/10/2023,Centro,Keene Cayley
196,Arther,Meynell,ameynell5f@sun.com,2/6/2023,Cuyo,Arther Meynell
197,Hermon,Forman,hforman5g@home.pl,15/11/2023,Cuyo,Hermon Forman
198,Raviv,Winson,rwinson5h@omniture.com,7/9/2023,NOA,Raviv Winson
199,Enrique,Grove,egrove5i@usnews.com,13/11/2023,Buenos Aires,Enrique Grove
200,Cristobal,Gorick,cgorick5j@bluehost.com,8/9/2023,Centro,Cristobal Gorick
201,Ros,Chrstine,rchrstine5k@soundcloud.com,4/12/2023,Patagonia,Ros Chrstine
202,Viola,Wyke,vwyke5l@apache.org,10/11/2023,NEA,Viola Wyke
203,Rafaellle,Jayes,rjayes5m@ameblo.jp,2/10/2023,Buenos Aires,Rafaellle Jayes
204,Di,Kasper,dkasper5n@symantec.com,6/6/2023,Patagonia,Di Kasper
205,Brenda,Utterson,butterson5o@webeden.co.uk,29/4/2023,Patagonia,Brenda Utterson
206,Madeleine,Toretta,mtoretta5p@abc.net.au,10/5/2023,NEA,Madeleine Toretta
207,Gussi,Paslow,gpaslow5q@europa.eu,17/6/2023,Buenos Aires,Gussi Paslow
208,Frederique,Bartholomaus,fbartholomaus5r@vkontakte.ru,21/4/2023,Buenos Aires,Frederique Bartholomaus
209,Burr,Jiricka,bjiricka5s@icq.com,25/10/2023,Buenos Aires,Burr Jiricka
210,Hendrika,Smylie,hsmylie5t@sbwire.com,16/12/2023,Centro,Hendrika Smylie
211,Lilli,Hayers,lhayers5u@alibaba.com,8/9/2023,Centro,Lilli Hayers
212,Justin,Featherstonehaugh,jfeatherstonehaugh5v@e-recht24.de,13/10/2023,Buenos Aires,Justin Featherstonehaugh
213,Cornelia,Alberti,calberti5w@ibm.com,28/11/2023,Centro,Cornelia Alberti
214,Pippy,Pirot,ppirot5x@t-online.de,4/5/2023,Patagonia,Pippy Pirot
215,Addison,Trask,atrask5y@goo.ne.jp,10/8/2023,NEA,Addison Trask
216,Tandie,Arrowsmith,tarrowsmith5z@arizona.edu,11/11/2023,Centro,Tandie Arrowsmith
217,Derrick,Giraldo,dgiraldo60@cdbaby.com,8/9/2023,Centro,Derrick Giraldo
218,Ingeborg,Downey,idowney61@hexun.com,23/10/2023,Centro,Ingeborg Downey
219,Obediah,Clineck,oclineck62@accuweather.com,27/4/2023,Patagonia,Obediah Clineck
220,Ilyssa,Camus,icamus63@cnn.com,29/5/2023,Centro,Ilyssa Camus
221,Hildagarde,Mouton,hmouton64@indiatimes.com,9/6/2023,Buenos Aires,Hildagarde Mouton
222,Connor,Simoneton,csimoneton65@adobe.com,9/9/2023,Centro,Connor Simoneton
223,Lenette,Muldoon,lmuldoon66@mozilla.com,10/8/2023,Buenos Aires,Lenette Muldoon
224,Katey,Gritland,kgritland67@odnoklassniki.ru,25/9/2023,Cuyo,Katey Gritland
225,Charlton,Amphlett,camphlett68@dailymotion.com,13/11/2023,Buenos Aires,Charlton Amphlett
226,Jerry,Beiderbecke,jbeiderbecke69@arizona.edu,26/11/2023,Patagonia,Jerry Beiderbecke
227,Falkner,Heggs,fheggs6a@buzzfeed.com,31/5/2023,Buenos Aires,Falkner Heggs
228,Griff,Kearey,gkearey6b@ebay.co.uk,28/12/2023,Centro,Griff Kearey
229,Angy,Quiney,aquiney6c@state.gov,12/11/2023,Cuyo,Angy Quiney
230,Alvira,Gimber,agimber6d@ning.com,28/12/2023,Centro,Alvira Gimber
231,Rani,Chattelaine,rchattelaine6e@list-manage.com,13/12/2023,Patagonia,Rani Chattelaine
232,Truda,Staddon,tstaddon6f@ox.ac.uk,20/6/2023,Buenos Aires,Truda Staddon
233,Stefania,Jephson,sjephson6g@jigsy.com,18/11/2023,Centro,Stefania Jephson
234,Christopher,Bootland,cbootland6h@usnews.com,30/9/2023,Buenos Aires,Christopher Bootland
235,Cloe,Brun,cbrun6i@theglobeandmail.com,11/12/2023,NEA,Cloe Brun
236,Ignacio,Klimashevich,iklimashevich6j@xinhuanet.com,21/9/2023,Buenos Aires,Ignacio Klimashevich
237,Nikki,Dalgetty,ndalgetty6k@berkeley.edu,10/5/2023,Buenos Aires,Nikki Dalgetty
238,Kaine,Jasper,kjasper6l@drupal.org,26/9/2023,Buenos Aires,Kaine Jasper
239,Herbie,Puttick,hputtick6m@hc360.com,1/4/2023,Buenos Aires,Herbie Puttick
240,Lara,Skedgell,lskedgell6n@deviantart.com,4/11/2023,Buenos Aires,Lara Skedgell
241,Jeremiah,Cosgrave,jcosgrave6o@ning.com,11/6/2023,Buenos Aires,Jeremiah Cosgrave
242,Eben,Hellens,ehellens6p@moonfruit.com,12/9/2023,NEA,Eben Hellens
243,Gerta,Shervington,gshervington6q@hao123.com,15/5/2023,Buenos Aires,Gerta Shervington
244,Francesca,Barter,fbarter6r@fc2.com,9/10/2023,Buenos Aires,Francesca Barter
245,Ortensia,Ruppeli,oruppeli6s@paypal.com,4/7/2023,NEA,Ortensia Ruppeli
246,Almira,Zottoli,azottoli6t@prweb.com,28/9/2023,NEA,Almira Zottoli
247,Silvio,Butterfield,sbutterfield6u@seattletimes.com,19/7/2023,Buenos Aires,Silvio Butterfield
248,Benito,Craythorne,bcraythorne6v@bloomberg.com,3/7/2023,Centro,Benito Craythorne
249,Dilly,Gaveltone,dgaveltone6w@oracle.com,2/8/2023,Buenos Aires,Dilly Gaveltone
250,Stacy,Scading,sscading6x@google.co.jp,22/8/2023,Centro,Stacy Scading
251,Cristian,Micka,cmicka6y@paginegialle.it,28/4/2023,Centro,Cristian Micka
252,Emmalynne,Chew,echew6z@smh.com.au,1/11/2023,Patagonia,Emmalynne Chew
253,Alastair,Scedall,ascedall70@purevolume.com,1/5/2023,Buenos Aires,Alastair Scedall
254,Dunc,Battersby,dbattersby71@salon.com,10/11/2023,Patagonia,Dunc Battersby
255,Merry,Zoren,mzoren72@webeden.co.uk,12/12/2023,Buenos Aires,Merry Zoren
256,Felita,Duny,fduny73@narod.ru,17/12/2023,Buenos Aires,Felita Duny
257,Amalie,Persitt,apersitt74@paypal.com,15/10/2023,NEA,Amalie Persitt
258,Izabel,Starten,istarten75@pen.io,28/5/2023,Centro,Izabel Starten
259,Nobe,Van Hault,nvanhault76@dion.ne.jp,15/10/2023,Cuyo,Nobe Van Hault
260,Cyrille,Mulligan,cmulligan77@gravatar.com,26/7/2023,Buenos Aires,Cyrille Mulligan
261,Carlita,McArdell,cmcardell78@gmpg.org,24/12/2023,NOA,Carlita Mcardell
262,Cairistiona,Trevan,ctrevan79@xrea.com,21/4/2023,Buenos Aires,Cairistiona Trevan
263,Onfre,Burdekin,oburdekin7a@wordpress.org,29/3/2023,Buenos Aires,Onfre Burdekin
264,Vivien,Demeza,vdemeza7b@addtoany.com,19/4/2023,Buenos Aires,Vivien Demeza
265,Valeria,Tyres,vtyres7c@ebay.co.uk,12/6/2023,Centro,Valeria Tyres
266,Tabbie,Hintzer,thintzer7d@canalblog.com,28/10/2023,Buenos Aires,Tabbie Hintzer
267,Marielle,Mickelwright,mmickelwright7e@behance.net,5/11/2023,Centro,Marielle Mickelwright
268,Thom,Gantzer,tgantzer7f@state.gov,7/5/2023,NOA,Thom Gantzer
269,Merill,Gogin,mgogin7g@whitehouse.gov,15/9/2023,Centro,Merill Gogin
270,Davide,Dukes,ddukes7h@slideshare.net,12/11/2023,Cuyo,Davide Dukes
271,Lotta,Matteacci,lmatteacci7i@tripod.com,17/10/2023,Patagonia,Lotta Matteacci
272,Nikki,Phillipson,nphillipson7j@fema.gov,10/11/2023,Buenos Aires,Nikki Phillipson
273,Miller,Cazereau,mcazereau7k@squarespace.com,16/7/2023,Cuyo,Miller Cazereau
274,Darby,Gerasch,dgerasch7l@usatoday.com,8/7/2023,Buenos Aires,Darby Gerasch
275,Perrine,Enstone,penstone7m@nationalgeographic.com,14/4/2023,Buenos Aires,Perrine Enstone
276,Bel,McQueen,bmcqueen7n@goo.ne.jp,30/3/2023,Patagonia,Bel Mcqueen
277,Pippy,Hearne,phearne7o@goo.ne.jp,18/7/2023,Patagonia,Pippy Hearne
278,Rouvin,Ohrt,rohrt7p@devhub.com,21/8/2023,Centro,Rouvin Ohrt
279,Benito,Weall,bweall7q@marriott.com,29/11/2023,Centro,Benito Weall
280,Keriann,Doore,kdoore7r@hibu.com,11/12/2023,Centro,Keriann Doore
281,Issie,Hendonson,ihendonson7s@google.de,2/4/2023,Buenos Aires,Issie Hendonson
282,Lowrance,Coward,lcoward7t@telegraph.co.uk,10/6/2023,Centro,Lowrance Coward
283,Lincoln,Kennermann,lkennermann7u@barnesandnoble.com,3/5/2023,Buenos Aires,Lincoln Kennermann
284,Vanna,Milliken,vmilliken7v@redcross.org,15/7/2023,NOA,Vanna Milliken
285,Red,Cutmare,rcutmare7w@woothemes.com,12/8/2023,Patagonia,Red Cutmare
286,Mikael,Freckingham,mfreckingham7x@wordpress.com,7/10/2023,Centro,Mikael Freckingham
287,Son,Klesse,sklesse7y@sohu.com,13/11/2023,NEA,Son Klesse
288,Leoline,Hessel,lhessel7z@umn.edu,26/10/2023,Buenos Aires,Leoline Hessel
289,Fran,McCullen,fmccullen80@myspace.com,28/11/2023,Cuyo,Fran Mccullen
290,Melinda,Water,mwater81@huffingtonpost.com,20/9/2023,Buenos Aires,Melinda Water
291,Kean,Devoy,kdevoy82@sphinn.com,5/11/2023,NEA,Kean Devoy
292,Larisa,Eustace,leustace83@shutterfly.com,26/5/2023,Patagonia,Larisa Eustace
293,Sebastian,Portman,sportman84@dmoz.org,9/7/2023,Patagonia,Sebastian Portman
294,Alon,Gorch,agorch85@nifty.com,27/12/2023,Centro,Alon Gorch
295,Denise,Domsalla,ddomsalla86@nih.gov,2/10/2023,Cuyo,Denise Domsalla
296,Christean,Branigan,cbranigan87@dmoz.org,28/7/2023,Buenos Aires,Christean Branigan
297,Hadleigh,McGilben,hmcgilben88@typepad.com,20/9/2023,Buenos Aires,Hadleigh Mcgilben
298,Osborne,Bruton,obruton89@oracle.com,24/7/2023,Buenos Aires,Osborne Bruton
299,Simone,Tonkes,stonkes8a@exblog.jp,31/10/2023,Cuyo,Simone Tonkes
300,Marilin,Lodin,mlodin8b@shop-pro.jp,25/8/2023,NEA,Marilin Lodin
301,Nannie,Toseland,ntoseland8c@typepad.com,31/10/2023,Cuyo,Nannie Toseland
302,Ferris,Duggan,fduggan8d@ebay.co.uk,24/7/2023,Patagonia,Ferris Duggan
303,Sorcha,Leaver,sleaver8e@tripod.com,8/5/2023,Centro,Sorcha Leaver
304,Arch,Jurasz,ajurasz8f@e-recht24.de,30/4/2023,Cuyo,Arch Jurasz
305,Karyn,Foucard,kfoucard8g@furl.net,4/5/2023,Patagonia,Karyn Foucard
306,Donna,Zamora,dzamora8h@mit.edu,11/6/2023,Cuyo,Donna Zamora
307,Shelba,Elcombe,selcombe8i@ustream.tv,1/4/2023,Cuyo,Shelba Elcombe
308,Robin,Shelp,rshelp8j@ebay.co.uk,6/11/2023,Centro,Robin Shelp
309,Aggy,Warman,awarman8k@prnewswire.com,31/8/2023,Centro,Aggy Warman
310,Kenyon,Grain,kgrain8l@t.co,9/11/2023,Patagonia,Kenyon Grain
311,Sebastien,Tunesi,stunesi8m@ox.ac.uk,26/12/2023,Buenos Aires,Sebastien Tunesi
312,Gabie,Late,glate8n@walmart.com,3/8/2023,Cuyo,Gabie Late
313,Jeralee,Mccaull,jmccaull8o@uol.com.br,14/7/2023,Cuyo,Jeralee Mccaull
314,Abelard,Bassett,abassett8p@google.fr,10/4/2023,Patagonia,Abelard Bassett
315,Anastasia,Craighill,acraighill8q@hhs.gov,18/6/2023,Buenos Aires,Anastasia Craighill
316,Glyn,Hourston,ghourston8r@umich.edu,13/10/2023,Centro,Glyn Hourston
317,Ricard,Dupoy,rdupoy8s@domainmarket.com,1/6/2023,NEA,Ricard Dupoy
318,Gustave,Chatainier,gchatainier8t@house.gov,31/3/2023,Buenos Aires,Gustave Chatainier
319,Byrle,Crinidge,bcrinidge8u@live.com,10/5/2023,Patagonia,Byrle Crinidge
320,Aubert,Caddie,acaddie8v@reference.com,8/11/2023,Centro,Aubert Caddie
321,Bent,Auld,bauld8w@odnoklassniki.ru,27/10/2023,Cuyo,Bent Auld
322,Hugh,Ortelt,hortelt8x@google.com.hk,19/11/2023,NEA,Hugh Ortelt
323,Issiah,Schoales,ischoales8y@twitter.com,21/11/2023,Centro,Issiah Schoales
324,Nalani,Steggals,nsteggals8z@nhs.uk,1/9/2023,NEA,Nalani Steggals
325,Rowland,Riddington,rriddington90@friendfeed.com,16/6/2023,NEA,Rowland Riddington
326,Friedrick,Paulucci,fpaulucci91@arstechnica.com,21/6/2023,Cuyo,Friedrick Paulucci